{
    "repair_stations": {
        "small_town": {
            "exhaust": {
                "x": -796.627,
                "y": 482.450,
                "z": 23.735
            },
            "batteries": {
                "x": -799.511,
                "y": 484.667,
                "z": 23.735
            },
            "maintanace": {
                "x": -802.052,
                "y": 486.603,
                "z": 23.735
            },
            "brakes": {
                "x": -798.238,
                "y": 494.685,
                "z": 23.735
            },
            "oil_change": {
                "x": -795.993,
                "y": 497.577,
                "z": 23.735
            },
            "tires": {
                "x": -793.792,
                "y": 500.259,
                "z": 23.735
            }
        },
        "big_town_small": {
            "x": 705.448,
            "y": -349.133,
            "z": 56.917
        },
        "big_town_alley": {
            "x": 587.072,
            "y": -145.519,
            "z": 53.707
        },
        "garage": {
            "x": -82.836585998535,
            "y": -790.37310791016,
            "z": 0
        }
    },

    "fuel_pumps": {
        "big_town": {
            "left0": {
                "x": 720.568,
                "y": -24.485,
                "z": 52.203
            },
            "left1": {
                "x": 717.921,
                "y": -24.383,
                "z": 52.203
            },
            "middle": {
                "x": 714.373,
                "y": -23.961,
                "z": 52.203
            },
            "middle1": {
                "x": 711.408,
                "y": -23.907,
                "z": 52.203
            },
            "right": {
                "x": 707.719,
                "y": -23.517,
                "z": 52.203
            },
            "right1": {
                "x": 705.080,
                "y": -23.439,
                "z": 52.203
            }
        },
        "outside_town": {
            "left": {
                "x": -768.997,
                "y": 498.368,
                "z": 23.746
            },
            "left1": {
                "x": -770.603,
                "y": 496.314,
                "z": 23.746
            },
            "middle": {
                "x": -772.963,
                "y": 493.451,
                "z": 23.746
            },
            "middle1": {
                "x": -774.666,
                "y": 491.216,
                "z": 23.746
            },
            "right": {
                "x": -777.054,
                "y": 488.213,
                "z": 23.746
            },
            "right1": {
                "x": -778.571,
                "y": 486.250,
                "z": 23.746
            }
        }
    },
    "robbable_shops": {
        "convenience_store_town": {
            "x": 706.031,
            "y": -45.229,
            "z": 52.177
        },
        "town_cafe": {
            "x": 722.247,
            "y": -119.923,
            "z": 53.497
        },
        "bank": {
            "x": 637.75360107422,
            "y": -79.288131713867,
            "z": 51.533
        }
    },
    "pd_station": {
        "x": 392.60241699219,
        "y": 101.65773773193,
        "z": 54.220634460449,
        "xr": -0.016780914738774,
        "yr": -0.00033428712049499,
        "zr": -0.4248620569706,
        "w": 0.90510249137878
    },
    "fire_station": {
        "x": 371.58361816406,
        "y": 107.98303985596,
        "z": 54.609046936035,
        "xr": -0.0079259453341365,
        "yr": -0.0078801158815622,
        "zr": 0.33802682161331,
        "w": 0.94107013940811
    }
}